<?xml version="1.0" encoding="UTF-8" standalone="yes"?>
<addon id="plugin.audio.tidal" name="TIDAL Audiophile" version="1.2.6" provider-name="takoi / mattrix/ geofstro">
    <requires>
        <import addon="xbmc.python" version="2.14.0"/>
        <import addon="script.module.requests" version="2.3.0"/>
    </requires>
    <extension point="xbmc.python.pluginsource" library="addon.py">
        <provides>audio</provides>
        <provides>video</provides>
    </extension>
    <extension point="xbmc.addon.metadata">
        <summary lang="en">TIDAL / WiMP music add-on</summary>
        <description lang="en">Play music from TIDAL / WiMP music streaming service,through your player of choice.</description>
        <disclaimer lang="en">This is an unofficial client and is not supported nor endorsed by TIDAL / WiMP.</disclaimer>
        <license>GNU GENERAL PUBLIC LICENSE. Version 3, 29 June 2007</license>
        <platform>all</platform>
        <language>en</language>
        <forum>http://forum.xbmc.org/showthread.php?tid=200555</forum>
        <source>https://github.com/matthuisman/kodi-tidal</source>
    </extension>
</addon>
